url;estabelecimento
https://dashboard.goomer.app/;Goomer
https://www.goomer.app/;Veja o que é e como funciona um Cardápio Digital para Delivery
https://satiko-shimoda.goomer.app/;Satiko Shimoda - Cardápio e Delivery em Maringá
https://www.goomer.app/brookstbt;Atenção ao novo Site Para pedido - https://brookstaubate ...
https://kawaii-pan.goomer.app/;kawaii Pan - Cardápio e Delivery em Brasília
https://www.goomer.app/sushinobarco;Sushinobarco - Cardápio e Delivery em São Paulo
https://donutsdai.goomer.app/;DonutsDai - Cardápio e Delivery em Jaguariúna
https://banh-mi-vietnam.goomer.app/;Bánh Mì Vietnam - Cardápio e Delivery em São Paulo
https://jujubas.goomer.app/;Jujubas - Cardápio e Delivery em Ponta Grossa
